{
  "project_info": {
    "project_number": "502403639831",
    "project_id": "projetointegradod-8fae6",
    "storage_bucket": "projetointegradod-8fae6.appspot.com"
  },
  "client": [
    {
      "client_info": {
        "mobilesdk_app_id": "1:502403639831:android:526f97a97dd7ddbacdca52",
        "android_client_info": {
          "package_name": "com.ponto.controledeponto"
        }
      },
      "oauth_client": [],
      "api_key": [
        {
          "current_key": "AIzaSyBonGcMfsDDa_CVOVi7jp42Q3iELa3jWnA"
        }
      ],
      "services": {
        "appinvite_service": {
          "other_platform_oauth_client": []
        }
      }
    }
  ],
  "configuration_version": "1"
}